{"is_source_file": true, "format": "bash", "description": "A shell script to detect and back up various types of running databases (SQLite, PostgreSQL, MySQL, MongoDB). It performs checks for each database type and creates backups accordingly.", "external_files": ["/usr/lib/postgresql/", "/var/run/mysqld/mysqld.sock"], "external_methods": ["ls", "cp", "sudo", "mysqladmin", "mysql", "mysqldump", "mongosh", "mongodump", "echo", "exit"], "published": [], "classes": [], "methods": [], "calls": ["ls", "cp", "sudo -u postgres pg_isready", "sudo mysqladmin ping", "mysqladmin ping", "mysql", "mysqldump", "mongosh", "mongodump", "echo", "exit"], "search-terms": ["backup_db.sh", "database backup script", "SQLite backup", "PostgreSQL backup", "MySQL backup", "MongoDB backup", "database detection", "database port", "mongosh", "mysqldump"], "state": 2, "file_id": 7, "knowledge_revision": 13, "git_revision": "810a5f55dad9175063345543e0ecf49a3e2f67fd", "hash": "7af9aa35fa4940f934d83f6e2621b732", "format-version": 4, "code-base-name": "database", "filename": "database/backup_db.sh", "revision_history": [{"13": "810a5f55dad9175063345543e0ecf49a3e2f67fd"}]}