{"is_source_file": true, "format": "bash script", "description": "A shell script that automates database restoration by detecting available backup files and restoring to various database systems (SQLite, PostgreSQL, MySQL, MongoDB).", "external_files": ["database_backup.db", "database_backup.sql", "database_backup.archive"], "external_methods": ["ls", "cp", "sudo -u postgres pg_isready", "psql", "mysqladmin", "mysql", "mongosh", "mongorestore"], "published": [], "classes": [], "methods": [], "calls": ["ls", "cp", "sudo -u postgres pg_isready", "psql", "mysqladmin ping", "mysql", "mongosh --port", "mongorestore"], "search-terms": ["database recovery", "backup detection", "SQLite restore", "PostgreSQL restore", "MySQL restore", "MongoDB restore", "database_backup.sql", "database_backup.db", "database_backup.archive"], "state": 2, "file_id": 3, "knowledge_revision": 12, "git_revision": "810a5f55dad9175063345543e0ecf49a3e2f67fd", "hash": "67505395c0df4c9c001ab8f47571f3fb", "format-version": 4, "code-base-name": "database", "filename": "database/restore_db.sh", "revision_history": [{"12": "810a5f55dad9175063345543e0ecf49a3e2f67fd"}]}