{"is_source_file": true, "format": "bash", "description": "A script to initialize and set up PostgreSQL database server, including version detection, startup, database and user creation, schema permissions, and environment configuration.", "external_files": ["/usr/lib/postgresql/.*", "/var/lib/postgresql/data/PG_VERSION", "db_visualizer/postgres.env", "db_connection.txt"], "external_methods": ["ls", "sudo -u postgres pg_isready", "sudo -u postgres psql", "sudo -u postgres initdb", "pgrep", "sleep"], "published": [], "classes": [], "methods": [], "calls": ["ls /usr/lib/postgresql/", "sudo -u postgres pg_isready", "sudo -u postgres psql", "sudo -u postgres initdb", "pgrep", "sleep", "sudo -u postgres createdb", "cat", "echo", "grep", "cat /var/lib/postgresql/data/PG_VERSION", "cat db_connection.txt"], "search-terms": ["PostgreSQL startup script", "pg_isready", "postgres data directory initialization", "database user setup", "schema permissions", "environment variables setup", "database connection"], "state": 2, "file_id": 2, "knowledge_revision": 11, "git_revision": "810a5f55dad9175063345543e0ecf49a3e2f67fd", "hash": "fa2aa67ea0a7c72f7c0958282f15a864", "format-version": 4, "code-base-name": "database", "filename": "database/startup.sh", "revision_history": [{"11": "810a5f55dad9175063345543e0ecf49a3e2f67fd"}]}