{"is_source_file": false, "format": "", "description": "", "external_files": [], "external_methods": [], "published": [], "classes": [], "methods": [], "calls": [], "search-terms": [], "state": 2, "file_id": 5, "knowledge_revision": 10, "git_revision": "810a5f55dad9175063345543e0ecf49a3e2f67fd", "hash": "0c9f36dfd1a6dee9fa952c06ab7d9563", "format-version": 4, "code-base-name": "database", "filename": "database/db_visualizer/package.json", "revision_history": [{"10": "810a5f55dad9175063345543e0ecf49a3e2f67fd"}]}