{"is_source_file": true, "format": "HTML", "description": "This file is the main HTML page for a database visualization web application, providing the UI structure, styles, and embedded JavaScript code for fetching and displaying database, table, and data information.", "external_files": ["/api/databases", "/api/{db}/tables", "/api/{db}/tables/{tableName}/data?limit=50"], "external_methods": ["fetch"], "published": [], "classes": [], "methods": [{"name": "loadDatabases", "description": "Fetches the list of available databases and populates the sidebar."}, {"name": "refreshDatabases", "description": "Refreshes the list of databases by re-fetching the data from the server."}, {"name": "toggleDatabase", "description": "Expands or collapses the database section and loads its tables."}, {"name": "loadTables", "description": "Fetches and displays the tables for a selected database."}, {"name": "loadTableData", "description": "Fetches and displays data from a selected table."}, {"name": "renderTable", "description": "Renders HTML table from data array."}, {"name": "renderCell", "description": "Creates a table cell HTML with special handling for long text and JSON objects."}, {"name": "expandCell", "description": "Expands/collapses a table cell to show full content."}], "calls": ["fetchData('/api/databases')", "fetchData(`/api/${db}/tables`)", "fetchData(`/api/${db}/tables/${tableName}/data?limit=50`)"], "search-terms": ["Database Viewer HTML UI", "Embedded JavaScript for database visualization", "Table data rendering", "Expandable cell content", "Database refresh button"], "state": 2, "file_id": 6, "knowledge_revision": 14, "git_revision": "810a5f55dad9175063345543e0ecf49a3e2f67fd", "hash": "ee63333a4841bf025439c755a74c9881", "format-version": 4, "code-base-name": "database", "filename": "database/db_visualizer/public/index.html", "revision_history": [{"14": "810a5f55dad9175063345543e0ecf49a3e2f67fd"}]}